{"repo_size": 13, "data_contract_id": null, "base_model_definition_id": "oe197skbg2x8", "datmo_remote_url": "https://datmo.io/ajay/iris-classification", "owner_email": "aj+test@acusense.ai", "updated_at": "2017-09-20T01:04:38.357Z", "config_json": null, "base_model_definition_slug": "iris-classification", "repo_forks_count": 0, "id": "68gr7skbg5vq", "env_meta": null, "datmo_path": "ajay/iris-classification", "git_remote_url": "https://github.com/devacusense/iris-classification", "slug": "iris-classification", "best_snapshot_id": "oelmzs0i4ddq", "readme": null, "base_snapshot_id": null, "username": "ajay", "repo_updated_at": "2017-09-11T16:12:29.000Z", "description": "Using sklearn library to perform classification over iris dataset", "tags": null, "model_family_id": "oe197skbg2x8", "is_public": false, "repo_provider": "github", "categories": "", "is_owner": true, "name": "iris-classification", "git_rev": null, "created_at": "2017-09-11T16:12:27.132Z", "repo_created_at": "2017-09-11T16:12:27.000Z", "flags": 0, "repo_watchers_count": 0, "repo_language": "Python", "base_model_definition_owner_username": "shabazp"}